ID,typ,wartosc,strona,status
R1,rezystor,"4,7 kΩ",BOTTOM,VERIFIED
R2,rezystor,100 kΩ,BOTTOM,VERIFIED
R3,rezystor,"4,7 kΩ",BOTTOM,VERIFIED
R4,rezystor,"4,7 kΩ",BOTTOM,VERIFIED
R5,rezystor,"4,7 kΩ",BOTTOM,VERIFIED
R6,rezystor,"2,2 kΩ",BOTTOM,VERIFIED
R7,rezystor,0 Ω,BOTTOM,VERIFIED
R8,rezystor,100 Ω,TOP,VERIFIED
R9,rezystor,100 Ω,TOP,VERIFIED
R10,rezystor,100 Ω,TOP,VERIFIED
R11,rezystor,100 Ω,TOP,VERIFIED
R12,rezystor,100 Ω,TOP,VERIFIED
C1,kondensator,100 nF,BOTTOM,VERIFIED
C2,kondensator,100 nF,BOTTOM,VERIFIED
C3,kondensator,100 nF,BOTTOM,VERIFIED
C4,kondensator,100 nF,BOTTOM,VERIFIED
C5,kondensator,100 nF,TOP,VERIFIED
X01,kondensator,100 pF,TOP,VERIFIED
X02,kondensator,30 pF,TOP,VERIFIED
X03,kondensator,30 pF,TOP,VERIFIED
X04,kondensator,30 pF,TOP,VERIFIED
X05,kondensator,30 pF,TOP,VERIFIED
X06,kondensator,150 pF,BOTTOM,VERIFIED
X07,UNKNOWN,UNKNOWN,BOTTOM,UNKNOWN
X08,rezystor,1 kΩ,BOTTOM,VERIFIED
X09,rezystor,1 kΩ,BOTTOM,VERIFIED
X010,rezystor,1 kΩ,BOTTOM,VERIFIED
X11,kondensator,30 pF,TOP,VERIFIED
X12,kondensator,30 pF,TOP,VERIFIED
U1,układ scalony 32-pin,H2309QE3 A02,BOTTOM,VERIFIED
U2,pamięć SPI EEPROM (VERIFIED funkcjonalnie),8-pin · 1.8 V,BOTTOM,VERIFIED
J1,złącze modułu,14 styków,TOP,VERIFIED
SW1,joystick: 2 potencjometry + L3/R3,UNKNOWN,TOP,UNVERIFIED
SW2,przycisk mechaniczny Fn,nie dotyczy,TOP,VERIFIED
TP1,punkt testowy,nie dotyczy,BOTTOM,VERIFIED
TP2,punkt testowy,nie dotyczy,BOTTOM,VERIFIED
TP3,punkt testowy,nie dotyczy,BOTTOM,VERIFIED
TP4,punkt testowy,nie dotyczy,BOTTOM,VERIFIED
TP5,punkt testowy,nie dotyczy,BOTTOM,VERIFIED
TP6,punkt testowy,nie dotyczy,BOTTOM,VERIFIED
TP7,punkt testowy,nie dotyczy,BOTTOM,VERIFIED
TP8,punkt testowy,nie dotyczy,BOTTOM,VERIFIED
